base_event_key,mean_ratio,median_ratio,mode_ratio,mean_score,median_score,mode_score,competitiveness_score
onbar,10.993594660094699,0.7206257218303856,0.7340217835524144,0.99999999990594,0.28556428434043246,0.2574041528190274,0.7114097005275964
ncash,10.125997125495738,0.6762736689139414,0.6544249530182572,0.9183938060763807,0.25648358717442793,0.2163033684474677,0.6496116966429035
cmp,1.7499157570397887,1.8091413190283245,1.9238095238095239,0.13053988484280182,0.9992807948753777,0.8717654161013374,0.46528471097842816
cmptx,1.6471144731809069,1.7867177537101195,2.072117285567376,0.12087039967028657,0.9845781403301792,0.9483459193165045,0.4627302738328761
txcmp,1.6394083801786385,1.8102382045150183,1.9098433207718666,0.12014556483139735,0.9999999993443213,0.864553798557171,0.4585427185578519
qcmo,6.706535116668291,0.6379201398877409,0.6553028157057385,0.5967593288482094,0.2313359944584892,0.21675666344406333,0.4491320619908787
arli,5.733573558949752,0.7063960329690815,0.7358087836702218,0.5052425986807005,0.27623418020023316,0.2583268919032481,0.41184850245881505
mil,1.4360168012501868,1.6019829401058667,1.9319419997734009,0.10101456001473702,0.8634514547049523,0.8759647182438363,0.4072406442447115
joh,1.4310131759767877,1.5631022817475448,1.8132989977572826,0.10054391919612261,0.8379582345046755,0.8147019718463344,0.39318401905370964
micmp,1.4138152130562807,1.5157891819824512,1.6233730254726437,0.09892627940394268,0.8069360419390748,0.7166314031937302,0.3730997205434611
onnb,4.3888524633587425,0.777176187486922,0.8685714285714285,0.37875817935345735,0.32264322112499194,0.3268804863625256,0.35673592258582454
necmp,1.340657594760844,1.421521483827472,1.5814015291498107,0.09204507637990925,0.745126718529721,0.694958914370495,0.34826095282391134
necmp2,1.2606750164960014,1.3957176824336812,1.6767923682269141,0.0845219178593105,0.7282077151303015,0.7442151257248871,0.3435969778271655
oncmp,1.3272406193707111,1.4290402687177246,1.4730918243671367,0.09078307614289875,0.7500566257622383,0.6390318907472406,0.3433900224891348
necmp1,1.2619797864472488,1.3920851942939911,1.5321156065627117,0.08464464447539488,0.7258259699662515,0.6695095332429831,0.3354855309994107
cmpmo,1.541920725781729,1.3899170274170274,1.232843137254902,0.11097587946065605,0.7244043490894653,0.5149765807771672,0.33540449048094995
on326,1.1314904519092495,1.2876190476190474,1.694736842105263,0.07237082222217643,0.6573297409128478,0.7534809714449451,0.3159695127516547
dal,1.2364803800480824,1.3080398001112858,1.448352086352292,0.08224617119929115,0.6707191937133187,0.6262572283551161,0.3131891836690819
micmp1,1.1760480397641582,1.2490093072678108,1.4428302635972463,0.07656190738097196,0.6320141558839509,0.6234059685138625,0.2978819880451547
new,1.1896311095566376,1.2488142645901874,1.4184834094254082,0.07783953045167132,0.6318862705512674,0.6108341764371277,0.29735301708009576
arc,1.1899050676927831,1.2502795046841786,1.3998630536743062,0.0778652989443974,0.6328469972966364,0.6012193309525533,0.2966952116508847
cur,1.1947418757207606,1.2395670946192758,1.4310941648758462,0.07832024893872852,0.6258230980060583,0.61734589225612,0.2964736679906666
micmp4,1.1852714275676826,1.246106809269351,1.4141985910187527,0.07742945891592132,0.6301110497193466,0.608621658724784,0.29635315613783514
gal,1.1762915846955098,1.2524122113799878,1.3749859527229527,0.07658481520871639,0.6342453676873279,0.5883737395498613,0.2950618733864143
caln,2.526125656550396,0.8197487287677161,1.50356622552732,0.20355016090492245,0.3505571303843078,0.6547677156856422,0.29277400722681
micmp2,1.1710979482700796,1.2205367776120208,1.455892995195164,0.0760963019477724,0.6133453241608737,0.6301510676730456,0.2926764851842301
txcmp2,1.1260338993104737,1.2429245821891974,1.4102644406376073,0.07185757907514201,0.6280245311492649,0.6065902126808193,0.2921809280579466
micmp3,1.1566095789255688,1.230787798236241,1.416636316021436,0.0747335264327994,0.620066700214808,0.6098804074591253,0.2918481666700346
onto,3.5815423170382514,0.6948914759649223,0.7654761904761905,0.3028226151616422,0.268690887020608,0.27364601556448737,0.2896654367596164
pncmp,1.1490912388744927,1.2173988280785262,1.3738553966340126,0.07402635162994768,0.6112878374357907,0.587789963264805,0.2865811585351863
hop,1.153814220227889,1.2153534523538687,1.3497545484755553,0.07447059509123968,0.6099467281042449,0.5753451993629638,0.28520089542231364
txcmp1,1.1267747475062735,1.2043270326317157,1.3643300635377016,0.07192726323058703,0.6027169393643802,0.5828714425268372,0.28225858400035
incmp,1.1175547296253792,1.18469369006311,1.2937280211520705,0.07106002867044267,0.5898437744926284,0.5464152256045026,0.27423067211050434
mrcmp,1.092181079117103,1.151553394339104,1.3105041711562244,0.06867338398904782,0.5681143879012733,0.5550777931876401,0.2671461260825747
oncmp2,1.0858538852362725,1.1454474702578499,1.3118975159115658,0.06807824835340436,0.5641108634317277,0.555797263573084,0.2656599343988693
cmpmi,1.121834705977868,1.1101352950623289,1.2423973782807867,0.07146260309680796,0.5409574216943532,0.5199100284735586,0.2571557912137466
ingre,1.0266330507679766,1.1604488804805742,1.0963443299560627,0.06250793872982767,0.5739469688442982,0.4444937737594031,0.25413823126712637
qcsh,0.8741776717928816,0.92085790147499,2.1721518987341772,0.04816799110336121,0.4168522630525706,0.9999999994836379,0.2539564735261517
oncmp1,1.0592568375039497,1.1095402577035665,1.2091170846638115,0.06557653097180616,0.5405672683622126,0.50272534709122,0.25178863380086947
iscmp,1.0489115862088638,1.0891293950791414,1.280372572892832,0.06460345699598795,0.5271843001375838,0.5395189786634522,0.25086926210521315
roe,1.0395450604445964,1.054511169631033,1.364640252814859,0.06372244190944591,0.5044858664804655,0.5830316125048283,0.24788238634029
mdowi,2.8406818005921664,0.6641424712853284,0.7885369532428356,0.23313730083705367,0.248529419073951,0.28555371881793334,0.24299657810621084
chcmp,1.014064574619102,1.0622387371043478,1.2426309548448047,0.06132574830184154,0.5095526680092402,0.5200306385522204,0.241664313239099
mifor,2.3225218964924585,0.7754426762654356,0.8961965586181028,0.18439919833862678,0.3215065947108576,0.34114505576390913,0.24120600299282427
pawch,2.567479035871106,0.7426083747142074,0.6967015972581692,0.20743985832080214,0.2999778419862116,0.23813342408155616,0.23827060999650035
bcvi,3.1242122859539663,0.5951298036266687,0.6117315500294246,0.2598061683963873,0.20327928166586962,0.19425811440209326,0.2362932969778026
onnyo,2.42123898870302,0.7478712630600566,0.7490195650816956,0.1936845245872189,0.3034286058661264,0.2651484383709782,0.2337541403492671
onnob,2.0250306634745128,0.8426869331246247,0.8081875360204095,0.15641718334191637,0.3655972227942775,0.2957005344649454,0.2330995302899276
carv,1.0248330615794747,1.0326576829554233,1.1490860413627089,0.062338631809567814,0.49015700036840565,0.4717275931635735,0.23162303851261973
tur,1.0027091818991962,1.023208347682509,1.096371904610541,0.060257660458853675,0.4839612723372961,0.4445080122651353,0.22579377920301455
on204,0.9239455071269325,0.9946428571428572,1.2359649122807017,0.05284915195823325,0.4652314881411291,0.5165885469990742,0.22293779231718605
capt,0.9737607117316909,1.0249177631578947,1.03487188697318,0.05753476836505508,0.48508209968353483,0.4127517357049075,0.2213206644945842
onwa,0.9646024884266462,1.004358557324659,1.064285714285714,0.05667334620055882,0.4716018659740325,0.42793992053339713,0.21827855956588477
vtbur,0.8519167037669853,0.9889802631578948,1.20969528256705,0.04607412522764195,0.46151864578046187,0.5030239065587969,0.2164024595266034
cars,1.014946280894033,0.9862856193444742,1.0312472575857392,0.06140868156329442,0.45975182518129004,0.41088011456270507,0.21585876794863418
dar,1.021371889228893,0.9678308923354914,1.0652413184745015,0.06201307405904972,0.447651453447865,0.4284333582927192,0.21434661629906127
nccmp,0.9381496201561077,0.9790612661960104,1.0857544745890741,0.05418519033410489,0.4550149705755621,0.439025574095626,0.21291816278269415
rinsc,0.9404174437079886,0.9993509127789046,0.9874320652173914,0.0543985017382591,0.4683184600215634,0.38825561102852124,0.21196020015227662
mnum,0.8660319787072381,0.9626644736842105,1.1954172653256705,0.04740180749596957,0.44426394269354336,0.4956512799861909,0.21128539530426382
on409,0.9579764648417952,1.032857142857143,0.8153508771929825,0.05605010265338285,0.49028778198091855,0.29939941215816573,0.21065633740212186
mila2,0.9306124018900187,0.9915753887762002,0.9960597826086957,0.05347623984700782,0.46322021441711225,0.39271063706082765,0.21032287193942115
tes,0.9904639448405963,0.9690973231611765,1.0067678194424958,0.059105873888419355,0.44848182518720303,0.39823986115172755,0.20983205800438529
inblo,0.8428755993556885,0.8498075119910563,1.6111111111111112,0.04522371926220474,0.3702660348118735,0.7102998156823453,0.20924402356911942
inpri,0.8855373009076488,0.9841244083840432,1.043455615942029,0.04923647742150191,0.4583347651509337,0.4171840477842329,0.20876072077660454
mista,0.901375588115328,0.9813793103448276,1.0271059782608696,0.05072622616357913,0.4565348627897101,0.40874171498810363,0.20827036603387086
mdtim,0.9297385049734301,1.004448951994591,0.9042119565217391,0.053394041133528136,0.4716611358352645,0.34528390323658886,0.20806315575435513
gacmp,0.9255298657501038,0.9630433690507562,1.0211063772184212,0.05299817667504254,0.44451237632147206,0.40564374856021634,0.20571699375748875
azpx,2.099369810820727,0.6861530514027658,0.7278845676441018,0.16340952094723646,0.26296128801244506,0.2542351272938086,0.20235761170145625
ftcmp,0.9365348023702628,0.969551282051282,0.9058257918552037,0.05403330062951739,0.4487794763699757,0.3461172265938985,0.201665545948093
wimu,0.8405863567312841,0.9317434210526316,1.1270504070881227,0.045008393180836395,0.42398966656641424,0.4603492273827694,0.20023685861670304
mitr2,0.8658284896407463,0.9432294469511943,0.9605102259725401,0.0473826673214761,0.4315208092944917,0.374354194323071,0.19532126261354027
mimcc,0.7877650440678531,0.8521706378420493,1.377163597977985,0.04004002235491396,0.3718154861386778,0.5894981929667147,0.1945184785512232
caav,0.8847175207341004,0.9169434094496731,1.022365277900395,0.04915936892698417,0.4142856139425184,0.4062937971253136,0.19441068525147737
paben,0.8568487574924853,0.9174658994781308,0.9745648681709692,0.04653803402895845,0.4146281995341811,0.3816114784955754,0.19047242812718695
cabe,0.8967129325299547,0.927953253669889,0.8815386954275055,0.0502876569419223,0.4215045344785343,0.33357629114977,0.18998158362369066
wila,0.8637715706687833,0.9103636778566536,0.9625575084605325,0.04718919359474945,0.40997142397141,0.37541133335137106,0.18884607668340977
cafr,0.8524933943341777,0.9029780545437976,0.9860276899639876,0.04612836872226845,0.4051288279511542,0.3875304449122381,0.18796871410993116
mokc3,0.8646207182178359,0.8838927045177045,1.0443369453044375,0.04726906438358233,0.39261497012676855,0.4176391328402784,0.1879098429522078
txsa,2.4437677421663726,0.5536725055256316,0.5745339013281597,0.19580357835184092,0.17609661362413767,0.17505065943008097,0.18781619704135394
nhsea,0.8401929023462884,0.877797619047619,1.0649122807017544,0.04497138487511329,0.38861855230389136,0.42826345566648366,0.18639474218288377
onham,0.8888586550332823,0.907923941745187,0.8870084966184734,0.04954888387466033,0.40837174092728595,0.3364006890283865,0.18588092150582064
ctnct,0.7832704023810423,0.8154053517977569,1.3382911392405064,0.03961725651469307,0.34770927054388195,0.5694259296135168,0.18502572803333212
cave,1.8192489768023676,0.6918405824836883,0.6400558686268837,0.13706136507428707,0.2666904810962047,0.20888371825256258,0.1831323351986899
nvlv,1.1472972059231226,0.8265927447870662,0.8511273105292343,0.0738576049531446,0.3550446060290758,0.31787300541896474,0.18261524532250595
njski,1.2087330894287007,0.7946440305010639,0.8534126539474319,0.07963626201187392,0.33409651402655294,0.3190530700825445,0.17991601842334468
camb,0.8456057038577717,0.8952263284624195,0.8493951124538095,0.04548051279640368,0.4000461861372327,0.3169785640309209,0.1790000199221041
ohmv,0.8270524311273806,0.8512308987635869,1.0270095975728026,0.04373539261079961,0.37119931922511223,0.4086919476562735,0.1784702260996408
milin,0.8158046589163208,0.8504010514717686,1.0265894140806187,0.04267742754911838,0.3706552060172555,0.4084749808374586,0.17765051641839352
wasam,0.8156247651898311,0.8768894402512971,0.9251775281297321,0.04266050675148214,0.3880230787956373,0.35610972924126666,0.17761420061370714
isde3,0.8355946877246195,0.8778638784167508,0.894321572856013,0.04453887696825383,0.388661997162053,0.34017688423006487,0.17733961375257468
rismi,0.8080255496487014,0.8390743485243644,1.0617930098562662,0.041945724802858145,0.36322852795743055,0.42665278250831207,0.17680127151977526
inpmh,0.9023515792611818,0.8655481367345774,0.853359010270775,0.05081802785670092,0.3805868274532517,0.31902537052249447,0.17656940200224547
mose,0.8183077753215064,0.8868700396068894,0.846760476865264,0.04291287059084388,0.3945671453790262,0.31561813813838513,0.1756796797820527
miken,0.8399851144521485,0.8552589194376579,0.9329517712743612,0.044951840353041256,0.3738404066539566,0.36012405354281485,0.17513563156229323
tnkn,0.8166908126115289,0.8627172888298641,0.9238841651458207,0.042760779134767314,0.37873070073020965,0.3554418856505211,0.1748198662649754
ilch,0.8008459461738934,0.8243086356428326,1.0620699413425148,0.04127041155054999,0.3535469642752049,0.4267957794244658,0.17350591415533803
ohcl,0.826180347317885,0.8552068796514416,0.9162659803067407,0.043653364438109826,0.37380628527368165,0.3515081439390424,0.17348471863887463
inpla,0.8213504635058324,0.8399096049567938,0.9797155595600571,0.043199065735286965,0.36377618782366483,0.38427110017556815,0.17347940580582843
macma,0.8083151827741595,0.8441559829059829,0.9740855957767722,0.04197296768453198,0.3665604474705725,0.3813640004088609,0.17328831489277702
mawne,0.817932648885488,0.8646516438466121,0.8816441371363941,0.04287758621136203,0.37999901614639936,0.3336307372490897,0.173089330295646
misal,0.7839472086438847,0.8539222969385375,0.9470770120239588,0.03968091688815887,0.3729640117282152,0.3674177921295095,0.17243953286431085
sccmp,0.7692250393781703,0.8572368421052632,0.9428430316091954,0.038296150160755923,0.37513728845157646,0.3652315252280162,0.1720420291547281
mnmi2,0.8201719690836102,0.8593093973627703,0.8790727011016071,0.043088216591056314,0.37649621882435813,0.33230294520910786,0.172032090122852
orsal,0.7886472224671385,0.8482946211984491,0.9507044872476825,0.040123000024367125,0.3692740645175574,0.3692908827536326,0.17178510764525076
wimi,0.8163003951729694,0.8529214189190519,0.8815575131630883,0.042724056484120025,0.37230775731222226,0.3335860079147135,0.17068536187561004
inwas,0.7982789831284104,0.8800986842105263,0.7845725574712644,0.04102896309606604,0.39012731175833676,0.2835066552014876,0.1700062369052894
ilpe,0.8236214220594278,0.842898366534927,0.8784081905169209,0.043412672017593044,0.36573585518153945,0.3319598171464636,0.16896434147966402
on410,0.8302609240783244,0.8723214285714285,0.756140350877193,0.04403718334580502,0.3850279307567564,0.26882534208149983,0.16881322344265992
mimas,0.7497916784089095,0.8435855263157894,0.9527209051724138,0.03646824890611444,0.36618641122523743,0.37033208449208327,0.16877008116044823
ohci,0.7950352535603739,0.8132192927390668,1.0142857142857142,0.04072385800608647,0.3462759181443317,0.40212181691310156,0.16852927193826156
mawor,0.8043063229054779,0.8257097806770093,0.9390891499047834,0.041595894465172964,0.35446566525396916,0.3632931630915594,0.16762655256445047
miwmi,0.8130755816757435,0.8399316224869636,0.8696526338504212,0.04242073063910083,0.3637906242496048,0.32743877976108243,0.16733350363445018
inwch,0.8210759262734558,0.8351904164051056,0.8785714285714286,0.043173242772789604,0.3606819163273834,0.3320441070865847,0.16731293127054725
inwla,0.8190694083118876,0.8361395611828059,0.8735560074043839,0.04298450976334194,0.36130425035776065,0.32945433381878103,0.16712741434721146
cthar,0.817303515850377,0.831994529005828,0.8852050072855494,0.042818409980033084,0.3585864409767806,0.3354694355388759,0.16681392183494162
isde4,0.7857633469620708,0.835076033202418,0.9016264317001363,0.03985174279499331,0.3606069176957642,0.34394883628144907,0.16648800461387014
gamac,0.8412339554452973,0.908921568627451,0.5573369565217392,0.04506930629327852,0.4090258636417957,0.16617080937078757,0.16636642380558458
cnsh,0.7297845958877328,0.8409539473684211,0.93568905651341,0.03458638342231978,0.3644609409165457,0.36153748382161616,0.1662438607105172
ndgf,0.7768487621216276,0.8189520714902347,0.964984870956811,0.039013237255975684,0.3500347791624788,0.37666473128042977,0.16608484923037203
melew,0.8029305298444648,0.8225342094993531,0.8920627411488152,0.04146648741786237,0.35238351081749947,0.33901050920852005,0.16449599661681924
paca,0.7944454130503797,0.8246703568211816,0.8845275794999897,0.04066837762829892,0.35378413715344603,0.33511963752361895,0.16404823147537506
cama,2.0418092247289104,0.5638458502159067,0.5089052287581699,0.15799537422801704,0.1827670592213375,0.1411625020525919,0.16374359250847068
nyli2,0.7698942144100416,0.8070587674904122,0.9702893067076306,0.03835909274090287,0.3422365928513817,0.379403740717667,0.16362680757172293
week0,2.7355956332637184,0.4034274063977809,0.3508080175165673,0.223252899605122,0.07758409974694137,0.05952709841428248,0.16317967952858387
mimar,0.81770846699041,0.8229082124075764,0.8451680087472023,0.042856499670133816,0.3526287365646309,0.3147958480007025,0.1629821055715398
onwel,0.782727596646484,0.8685855263157894,0.6926185344827587,0.03956620022624172,0.38257837915780996,0.23602508532508176,0.16211574241559618
mial2,0.7878614309683443,0.8317307692307692,0.8207013574660633,0.04004908850341074,0.35841349930579386,0.3021621972403407,0.16176972261781866
casj,0.8302525871394001,0.8319564553773579,0.7677040024894127,0.04403639917362071,0.35856147690890217,0.27479637319256556,0.16146991989609963
va319,0.7606692162332039,0.814047619047619,0.8973684210526316,0.03749138973429586,0.3468190340758314,0.3417501610791771,0.16071556017124464
nhdur,0.7981570515205143,0.8204520603559101,0.8305198662424909,0.04101749421328214,0.35101828993789347,0.3072321027800725,0.16063919378734456
va320,0.780551823905367,0.8470238095238095,0.7407894736842106,0.03936154711813586,0.36844082034879616,0.2608987313208827,0.16023904750760862
code,0.7767422113319455,0.8182359978109718,0.8510417180537353,0.03900321509241628,0.3495652648909653,0.3178288087109337,0.16005438939383274
onlon,0.8059229597592609,0.8331853732537879,0.7476120013020904,0.041747955271227245,0.35936725220579047,0.2644216258206977,0.15930111140654324
paphi,0.7801950529085928,0.8068241414818881,0.8625216935664367,0.0393279892506288,0.3420827535710667,0.3237566326578414,0.15859728288748143
nyut,0.7875920480040954,0.8085780744729786,0.8447065177996784,0.04002375035119361,0.34323277010490016,0.31455755157864246,0.15843983640005047
idbo,0.789377290005429,0.8151343428723454,0.812288787032218,0.04019167015154302,0.34753157575929056,0.29781826493685964,0.15815630131239894
onwat,0.801251945577742,0.8262706125145906,0.7420111245739921,0.04130859984030864,0.35483339075385706,0.26152954550608687,0.157388131680951
mihow,0.8288460649886522,0.7992107821556974,0.8142857142857143,0.04390410174920196,0.3370908358937039,0.2988494024319188,0.15735465206082422
mitry,0.784972863777317,0.8060480544611764,0.8269832649908374,0.03977738997421928,0.3415738898288111,0.30540593602849536,0.15687919453602445
mibig,0.7257652352798121,0.790625,0.9454471982758621,0.03420832250379436,0.33146132126281413,0.36657621812490665,0.1566210116936115
alhu,0.7747003084226071,0.8036969414115355,0.8398247622644883,0.038811153776016113,0.3400323150401884,0.31203679817351265,0.15650006659501742
nytr,0.7849391559403944,0.7895198432571823,0.8715937568241043,0.03977421941625457,0.33073669350726476,0.3284411020425682,0.155929649906189
inlaf,0.7637496375067838,0.8091282894736842,0.7997485632183907,0.03778113405179748,0.34359353437080364,0.2913429689799178,0.15488103764031136
iacf,0.7818122428586112,0.7933719920867643,0.8347420768704588,0.03948010208089568,0.333262465510705,0.3094122922100643,0.15460803012275534
wayak,0.7577472902274506,0.7961470501662191,0.8434046517646875,0.03721655347615532,0.33508201203268295,0.31388531733481967,0.15424306742898003
mabos,0.7828332327425818,0.7989431006019104,0.8036378033908899,0.03957613635375451,0.3369153227958712,0.2933512250954738,0.15415540116056145
nyro,0.7754961003517876,0.7806687003416866,0.8737039263519933,0.03888600593710567,0.32493318747376787,0.32953071355311675,0.15376463115970543
onwin,0.8038917486984328,0.8226589555234849,0.6624250525205319,0.04155689962972488,0.35246530413059085,0.22043431640591574,0.15271716265760377
pawar,0.7483473926481106,0.8100328947368421,0.768274066091954,0.036332399437852055,0.3441866647894165,0.275090732415777,0.15256451234111387
mimil,0.7271539305993809,0.7415006621577724,1.0523357057264084,0.03433894313709448,0.299251538438068,0.4217693893484457,0.15255576634852164
txwo,0.8366175979877808,0.7884199134199135,0.75,0.04463509187191232,0.33001549292244114,0.265654697777253,0.15235117277760504
mijac,0.7621551705355207,0.7620774485371566,0.9298690591060609,0.0376311585441194,0.31274329933751843,0.3585322578989603,0.1522549107176232
oktu,0.7570262756123267,0.8038835319366706,0.7579128147686025,0.03714873486661658,0.34015465847636983,0.26974057520973266,0.15130969598385416
milsu,0.7599024846916145,0.7861438634082382,0.8027830098681327,0.03741927099224906,0.3285231353702686,0.29290984214058374,0.15029948742048838
azgl,0.7437135460496364,0.7826912464925474,0.8319162467377422,0.035896539988497664,0.32625932793965023,0.3079531407064677,0.15021103644564043
cala,0.7374137932393982,0.7718418367118981,0.872769065249194,0.03530398545899655,0.31914560085118054,0.3290479867366636,0.14983087020441846
onto3,0.749393987076515,0.7647566626997007,0.867951701128358,0.036430842073266856,0.3145000030429951,0.3265604826156948,0.1488645544184281
mnmi,0.7525457954214703,0.7729795799262287,0.8317363309790715,0.03672730105621099,0.3198915948625729,0.307860239032462,0.14878988299574467
mokc,0.752538184254569,0.7862830051215512,0.7736250855261528,0.03672658515011785,0.3286143676303771,0.2778537959003042,0.14840564096921427
ctsct,0.7784222387130852,0.7853405871100436,0.7382324613185858,0.03916123840926172,0.3279964441974286,0.25957838711660114,0.14785351501644572
njwas,0.740712069369243,0.7892868191590007,0.7629575432626209,0.03561422119667641,0.3305839045654684,0.2723454816696292,0.14777825225460928
wabon,0.7402172140020018,0.7597792505159959,0.8647764774313188,0.035567675118101674,0.31123641980689576,0.3249209175271393,0.14720362276564364
cada,0.7740475401524243,0.7660316852885075,0.7967481616893956,0.03874975441530107,0.3153360082185562,0.289793675428356,0.1468300226575831
mitvc,0.8340216920113854,0.7196364252569827,0.8884544592525264,0.044390921046356724,0.28491562363215145,0.33714732929072766,0.14582397264653224
njtab,0.7452824961895056,0.7763922277062675,0.7560775075021909,0.03604411538390524,0.32212919538159535,0.26879289214614677,0.14514451705943643
milan,0.7445074716654447,0.7647634838884042,0.7571984249958412,0.035971216604216566,0.3145044755512547,0.2693716914261641,0.14287124177052277
mibel,0.7307661095397658,0.7722680674144308,0.738023425562547,0.034678704562180085,0.3194250712514923,0.259470448980406,0.14258178901079632
mishe,0.7605297876281044,0.7537395552525465,0.77176482006907,0.03747827508456556,0.30727632016365686,0.27689322537365973,0.14235918363720237
wasno,0.7175842027522001,0.744578795951906,0.853084134112666,0.03343881486972434,0.30126980525589225,0.31888343489983834,0.14233257398858612
ncbui,0.75579899449977,0.7577980844223782,0.7607142857142857,0.037033296847995466,0.30993741136386843,0.2711871485530306,0.14231991637326086
ripro,0.7830824308628161,0.7568372723739956,0.7321428571428572,0.03959957592024799,0.3093074273524158,0.25643394648429024,0.14219536840630254
ontor,0.688574940840208,0.760886032573949,0.8137947056129412,0.030710204706560648,0.3119621132469883,0.2985958641760765,0.14187434321564052
vagle,0.7202412499437248,0.7383621612527562,0.8590324794997862,0.03368873663584148,0.297193690190413,0.3219549348513179,0.14156684252376056
onwi,0.7768784870869534,0.7426762921113204,0.775,0.039016033185176976,0.3000223739780332,0.2785637495874008,0.14127270706325623
nhbed,0.7670144471502925,0.7543290043290043,0.7303921568627452,0.03808822193294036,0.30766280937802404,0.25552995125948996,0.14070477109912044
nyli,0.7496153788614941,0.7575251512966646,0.733437044232604,0.036451666176836525,0.30975845492209114,0.2571022156120329,0.14050875774393254
hiho,0.7365976018106569,0.7489668067792392,0.7791171646184484,0.035227214521690156,0.3041469305666693,0.2806896972422191,0.14044937760723678
txwa,0.7390262290527281,0.7537878787878788,0.75,0.035455651115332415,0.307308004877319,0.265654697777253,0.14003126191012044
pahat,0.7225715411782746,0.7237974423047827,0.876162836170388,0.03390792374804771,0.2876439139527285,0.3308004013228023,0.13971796856692742
dc320,0.6727201188649328,0.7108134920634921,0.9706140350877193,0.02921890070482033,0.27913061411299434,0.37957141813697864,0.13922766647048837
rikin,0.6945289965991486,0.7377416756176154,0.8212429083664621,0.0312702429834798,0.29678685096505897,0.3024418335855839,0.13804238443816397
cadm,0.7315476875506111,0.7470839419019799,0.7449775187582336,0.03475221976260702,0.3029123761390932,0.26306127895463466,0.13803117259475564
mosl,1.0792873338056934,0.6825342861713671,0.6107711529546364,0.06746059875498393,0.26058854066730125,0.193762201778223,0.13802914163100305
txel,0.7431383624183264,0.739943141307899,0.7574411234698316,0.03584243823620769,0.29823030516505045,0.2694970117131635,0.1379242556625561
gafor,0.7162044821891181,0.7251602564102564,0.8399321266968325,0.033309038401706195,0.2885374821573278,0.31209223709430056,0.1377558913976521
lake,0.7400754440015259,0.7483889591002151,0.7148081448113817,0.03555434023680398,0.3037680481416903,0.24748295850024918,0.1372113144346144
qcqc,0.7253653060826288,0.7588141025641025,0.685237556561086,0.03417070517746283,0.31060359283579075,0.23221382826906456,0.13690488378412136
txman,0.7288403980463626,0.7700657894736842,0.6234734195402298,0.03449757220630829,0.3179810844761591,0.20032117047661246,0.13612498571429393
ineva,0.7335995807876542,0.75,0.6730994152046784,0.03494522076888248,0.3048243733723838,0.225946152443114,0.13500905971735602
mndu,0.6983912868949891,0.7007732796498791,0.8945912361771012,0.03163352987393193,0.27254746051618794,0.3403161281413939,0.1347759688933549
nyny,1.3193598208984463,0.6201062008959103,0.5079842662590219,0.09004180851359801,0.21965577379021362,0.14068695194792372,0.13399051244001525
orlak,0.7439396205727068,0.6994441166483143,0.8302949923235596,0.0359178045502488,0.27167595662423544,0.3071159864172631,0.13376506835914623
marea,0.7292000336591241,0.7231644153440021,0.7516572994587785,0.034531399519495146,0.2872288516470657,0.266510464360385,0.13353854164185527
waell,0.7127571438947408,0.7237756227869222,0.7655812324929971,0.032984781882031945,0.28762960735924553,0.2737002552779753,0.13344977686479037
caoc,0.714973416334637,0.7485803506124866,0.6673320929618289,0.03319324439039174,0.30389353948295916,0.22296812597756352,0.13338082107687915
casf,0.7254013492756423,0.7277793398390193,0.7320400916037642,0.03417409539893995,0.29025475942040835,0.25638088225755223,0.1332189732912417
miliv,0.7161778514697389,0.7255418701119244,0.7385912849320582,0.03330653351717067,0.28878769813974264,0.2597636700212819,0.13259659655435338
txfor,0.7135701214825227,0.7354707807956818,0.696946101031173,0.03306125052556986,0.2952978735610838,0.23825967655649552,0.1322520800393166
casd,0.7244640390128892,0.7289122179085202,0.7057642294938198,0.03408593202833284,0.29099756345987926,0.24281302364420934,0.1320321306193844
inmis,0.6919885491472462,0.7156194742553289,0.7863029690604127,0.031031288584802787,0.2822817943519185,0.28440017411577545,0.13174332886803478
vaale,0.6934540343174013,0.7084545033984556,0.8024362167874396,0.031169132068769465,0.2775838754509712,0.292730771346741,0.13124971901122715
caph,0.7017186712121841,0.7290726720210166,0.7101650696522822,0.03194650352669821,0.2911027698065468,0.2450854505887602,0.13100727811685897
ksla,0.7001547318951407,0.7307682732674716,0.6983920084501023,0.03179939944911077,0.2922145394568797,0.2390062883078409,0.13064463033731447
orphi,0.7216433986914145,0.7332339401548441,0.6535714285714286,0.03382062269812118,0.2938312247588883,0.21586264079525413,0.1300280051260646
incol,0.6683366534945856,0.6936451247165533,0.8607142857142858,0.028806592105046512,0.2678736810327685,0.322823355793622,0.12992839515222065
waahs,0.706091909826657,0.7141296475044353,0.7372416895177512,0.032357850198171355,0.28130494665888905,0.25906679013624084,0.1297128731301936
vahay,0.6605707875025606,0.6511231768962528,1.0089573807010512,0.02807613502082656,0.239992944828733,0.3993704675408549,0.12878061121520135
njrob,0.6897497502144727,0.7394709707839578,0.6370976621064468,0.03082070723530901,0.29792071300156453,0.2073562126030651,0.12860425950196128
vados,0.713171371601327,0.7210975099393179,0.6714285714285715,0.03302374412565897,0.2858736257625359,0.22508339208821693,0.12808467341297783
ntwc,0.6415518681258355,0.7115131578947368,0.7839888649425287,0.026287216127917058,0.2795893701077656,0.2832052585177018,0.12796966656085007
mimid,0.6951668802459956,0.7023464634489903,0.7565550421616645,0.03133024229704328,0.2735789636516709,0.26903947293255814,0.12777578176698304
mokc2,0.7417304359843853,0.7415694365395561,0.542254396321382,0.03571000872496078,0.2992966323364992,0.15838274732854413,0.12705326966878064
txgre,0.7192376428289278,0.728264519997115,0.617430453464519,0.03359433738564454,0.29057288172412926,0.19720081199027975,0.12704854814765348
capl,0.6994766504698205,0.7118406285072951,0.6988095238095238,0.03173561913390681,0.2798040856189622,0.23922187740409306,0.12690478490644205
vafal,0.7117968309159728,0.7234067311134981,0.6334168755221387,0.032894454876759155,0.2873877329399911,0.20545559401430788,0.1264985522094836
okok,0.7062960247870903,0.7076693151300606,0.698794066182276,0.032377049244227116,0.2770690442143086,0.23921389567165294,0.12646833237799415
mxle,0.6636080886443168,0.6835526315789474,0.8118265086206896,0.028361823460233512,0.26125624807791475,0.29757956189825435,0.12515192468933994
migib,0.7010841924589677,0.7092366547944506,0.6607807211786244,0.03188682447731081,0.27809671547503384,0.2195852460664864,0.12451963393554528
txama,0.6600986525047267,0.7008525003188487,0.7357722303223551,0.028031726019405453,0.2725994038228018,0.2583080171407902,0.12442965847256282
migay,0.6965253814728694,0.715913885858206,0.6339324551047039,0.03145802287503812,0.2824748337740521,0.20572181975605142,0.12418944583284364
mabri,0.7147199220468279,0.6905710231256768,0.7071588899851379,0.033169400726526105,0.2658580580448038,0.24353317342580902,0.1240123751919377
gaken,0.6926185708526809,0.7010500485076756,0.6904761904761905,0.031090548404431363,0.27272893196585735,0.2349188601340438,0.1239648946458204
mndu2,0.6799143402216241,0.6743998558332449,0.7928548268982378,0.029895588914588336,0.25525496781721146,0.28778330500702376,0.12329217419461881
mdoxo,0.7042488590424556,0.7036546837734685,0.6442445196702162,0.03218449290572263,0.27443673587597434,0.21104657878588298,0.12274637438481417
nhgrs,0.6757665527289546,0.6521690351231147,0.867425055631572,0.0295054481677649,0.24067869180940257,0.3262885428555512,0.12253573072903481
on325,0.7111748471497235,0.731111111111111,0.5271929824561403,0.032835951105409864,0.2924393309344401,0.1506056044517248,0.12249393038875042
mialp,0.6804422198247054,0.6827737004929858,0.7433126084441873,0.029945241251633805,0.2607455195426041,0.26220158241450375,0.12241095885521189
wamou,0.6901585472252972,0.6930969392882903,0.6880296857815856,0.03085915866788219,0.2675142475143209,0.23365557789978686,0.12213532724500427
dc326,0.634645370332212,0.670515873015873,0.8315789473684211,0.025637591186451095,0.25270832294549056,0.30777897210510385,0.1219729488060282
dc319,0.606446095901704,0.6594444444444445,0.9026315789473685,0.02298516841753128,0.24544902286106562,0.34446785619710296,0.12187259352854876
azva,0.6714801457502791,0.7052100735434323,0.653616396819343,0.029102268876924874,0.2754565718452503,0.21588586069293972,0.121686918949024
onosh,0.678716268454509,0.659766009500084,0.8172018966811673,0.029782898325980214,0.24565986622427677,0.3003552084171486,0.12160321970458603
vabla,0.690459863398086,0.6919163155440126,0.6812039374046902,0.030887500456580272,0.2667401376520555,0.23013102032217184,0.12156764360178199
cair,0.711275325148085,0.667487159446668,0.7422986702292922,0.03284540206242957,0.25072245991735637,0.2616780231765689,0.12109178153032155
waspo,0.7025680462712403,0.7030567535972804,0.6134167710412959,0.032026395715114085,0.27404468578501456,0.1951282986162451,0.12094207302619733
isde2,0.6764259807240871,0.6752917660036635,0.7475927217666196,0.029567473941976324,0.2558397743337009,0.264411670599807,0.12093358372527677
txhou,0.66835589402548,0.6800067577696535,0.7332237585781044,0.02880840186871104,0.25893129408691895,0.256992082989461,0.12066363764624842
milak,0.6921568618468575,0.6921166020906044,0.6595936827469293,0.03104712007145496,0.2668714612780179,0.21897230444187088,0.12058694087046545
mefal,0.6620675835147909,0.7101973684210526,0.6222162356321839,0.02821692360150624,0.27872663495341965,0.19967200838845847,0.12051534548577547
migul,0.6739868138688432,0.6770515641270393,0.7340133685387696,0.029338045992686815,0.256993636509948,0.2573998076251425,0.12044089931111074
txirv,0.6895965396815622,0.6802777777777778,0.6929824561403508,0.03080629625792973,0.2591089961382093,0.23621300066638942,0.11983777666285957
manda,0.687212675878206,0.685632216705663,0.6714285714285715,0.03058207011177098,0.26261978778632183,0.22508339208821693,0.11964351761178083
mikng,0.6791965782303685,0.6789398884441078,0.7035239895187839,0.02982807624673714,0.2582317705760154,0.24165624868801325,0.11953200178964823
ctwat,0.6756840165016206,0.6670078088270714,0.7513057257648215,0.029497684813101964,0.2504081599179609,0.26632892503917,0.11945395136716644
mimus,0.6670139627513476,0.6963006344051884,0.6445975210998335,0.028682179859892847,0.26961484221919824,0.2112288553356424,0.11921664611525942
abca,0.705548086652052,0.6944167366197269,0.6078858827829768,0.03230669820934472,0.26837961053569703,0.19227235769293394,0.11912513785560933
ncmec,0.6292036375969513,0.6865323883636939,0.7100060927269239,0.02512574199526175,0.26321001118441195,0.24500336093411745,0.11853878464589238
qcmo3,0.6152077715168296,0.6549801587301587,0.8421052631578947,0.023809291320151298,0.24252188573024905,0.3132143623409555,0.11836357674526105
miann,0.6913268790509215,0.6592002179707318,0.7398426622110833,0.030969051918631467,0.24528888876005028,0.26040983378644106,0.11820908115783807
mdedg,0.7063264453044075,0.64874719843592,0.7616512010052681,0.03237991059702444,0.2384350663195227,0.27167093607435105,0.11812555986150658
miwal,0.6725863255958262,0.6734523809523809,0.6964912280701754,0.02920631611459688,0.25463372870264983,0.23802479741167334,0.11771638802072042
misjo,0.6798359623317549,0.6776628659209305,0.672357067160536,0.029888216693002238,0.25739445408605155,0.22556283206859415,0.11770754944847622
mike2,0.6586814155038624,0.6585726734944577,0.7680412959969639,0.02789842075655865,0.24487742120279635,0.2749705387671338,0.11769933269148747
txcle,0.6694485485380053,0.7154205071320724,0.5339440225976193,0.028911176914030987,0.28215133584375623,0.1540915855300744,0.11740126545455289
gacar,0.6440101043785337,0.675206122174621,0.6971263265349363,0.026518437744065683,0.25578361949772943,0.23835273817111913,0.11648142231287015
miber,0.6210784987185832,0.655218962585034,0.7981461601201278,0.0243614917158892,0.24267846433550067,0.29051554879526914,0.11647198920971064
flwp,0.6767971069944761,0.6690422246676665,0.6797042526025965,0.029602382066018663,0.251742083086783,0.22935663996980707,0.1162197181626268
txpas,0.660684233093893,0.6758348595848596,0.6565595975232198,0.028086805709188603,0.256195869236395,0.21740561790790006,0.11545140598722166
mibro,0.6736534882619046,0.6565894163370707,0.7118788552077667,0.029306693397729573,0.24357704169375904,0.24597038444984948,0.11525416699175041
orwil,0.6699029806133237,0.6748145994258343,0.6364959419576228,0.028953920779178022,0.2555269063640101,0.20704550714000997,0.11473497509071083
miroc,0.6462257623384632,0.6758333333333333,0.6508771929824562,0.02672684245446126,0.25619486850575196,0.21447143972298258,0.1143417099967006
mimtp,0.6237385668625987,0.6642415189760115,0.7151647527583327,0.024611697632692206,0.24859436253672987,0.24766709731877323,0.1141120370725116
utwv,0.6741027687655834,0.6682029878817697,0.6448576727212673,0.029348952706227952,0.25119181338749275,0.2113631877660257,0.11410323441658717
onnew,0.6739137769744654,0.6730304022698008,0.6135701957657345,0.029331176144950264,0.25435704626132655,0.1952075213249145,0.11342657169785957
flta,0.6299718843853279,0.6606460325925592,0.708607940018869,0.025198003261368482,0.2462368786367478,0.24428140790424624,0.11341800633827007
miwat,0.7147907295579532,0.6369660369181688,0.6983595352016405,0.033176060878551725,0.2307104094472253,0.23898952035396742,0.11301771139669536
schar,0.6306715050442853,0.6801247842603466,0.6251948244627686,0.025263809556136746,0.25900868154494444,0.20121003868986434,0.1129818940661518
vagdc,0.6979669567535018,0.6836447402756175,0.5313826922678597,0.031593617395630644,0.26131664178999986,0.15276901169288362,0.11262806414366672
mifer,0.6202616473533066,0.680921052631579,0.6227550287356322,0.02428465870497531,0.25953077776922295,0.19995022071195304,0.11242505062494737
ausp,0.6767232115433015,0.6424718120506268,0.7041178869915149,0.02959543146245976,0.23432042902383354,0.24196291481782925,0.11224967906640884
orore,0.6556873454704456,0.6572887446939246,0.6661319517847166,0.02761679863369355,0.24403557641375456,0.22234841859217014,0.1120155939635595
njbri,0.6698517536280897,0.6507205014638886,0.6735756871423912,0.028949102370734482,0.2397289191177511,0.2261920812079002,0.11190734527855603
onto1,0.7010977567954506,0.6550647536296097,0.6205067420096972,0.03188810033832706,0.24257735280541146,0.1987892907187866,0.11178499511649832
sccha,0.5972301743041732,0.6378155209452202,0.7944232775725232,0.022118319153657157,0.23126739804445168,0.28859319344766415,0.11151053025029621
flor,0.6705905027575894,0.6706786870974952,0.588707400482808,0.029018589088076568,0.25281507667368747,0.18236931682681862,0.11149260813763405
mdblr,0.6483373509498425,0.6551865167684376,0.6678571428571429,0.026925458405563703,0.2426571903040929,0.22323924182962437,0.11127635631752852
ncwa2,0.6238494647390096,0.6371732903687791,0.7468253968253968,0.024622128683077636,0.23084630112387808,0.2640154531029485,0.11042871285730485
ncgui,0.6096490587473007,0.6503800366300366,0.7055772207668493,0.02328643899102071,0.23950568357220428,0.24271645943039286,0.110095214409313
txdal,0.6778250080541827,0.664629870096859,0.5763237918164977,0.02969906640382605,0.24884899610151034,0.17597489099201882,0.11007162777195062
inkok,0.5905488604690705,0.6379286758563074,0.7694570477918935,0.021489875007471865,0.23134159131140986,0.275701579297976,0.10986656032770367
mslr,0.6363112833787101,0.6516388026777559,0.6482331780146894,0.025794286909472663,0.24033102967975728,0.21310617067475426,0.10888649811708621
azfl,0.6453948261447471,0.63901382392318,0.6849927330542304,0.026648684625075844,0.23205309980398056,0.2320874106956909,0.10881388178580877
onto2,0.6630202087019306,0.659505772005772,0.5727124183006536,0.028306527493366738,0.24548923403781214,0.1741101146791457,0.10804169817527826
miket,0.6394615645156901,0.6354297730099173,0.6891726817096104,0.026090602243287932,0.22970311389842424,0.23424577764593327,0.10798987328009335
dc327,0.6196102360121004,0.648531746031746,0.6508771929824562,0.02422338697695246,0.2382937987635141,0.21447143972298258,0.10746931578752394
mxpu,0.5971526310406086,0.6489084563044819,0.6441410364679816,0.022111025436992136,0.23854079967193637,0.2109931439851179,0.10592816956228798
brsp,0.6113349789573203,0.6575657894736842,0.5846354166666666,0.02344501658714496,0.24421722877958277,0.18026669882471252,0.10535884846863307
txsan,0.6154942027401649,0.6414700794372614,0.6397853579002163,0.023836233031023196,0.23366361426882168,0.20874403677313258,0.10527522777657368
txpa,0.689258492910658,0.6515676592238575,0.5040416122952008,0.030774499590454623,0.2402843824311607,0.13865111497638566,0.10441512598125954
ncpem,0.5976285309292972,0.6202195784463012,0.7115838177749175,0.022155788563915667,0.21973011303702483,0.24581803830958615,0.10379431088041546
ista,0.6416310849325005,0.6521000970153512,0.5380952380952381,0.026294667257987698,0.24063349055933086,0.15623511576742838,0.10359035909933471
scmb,0.6569276118148262,0.6054845223615372,0.6912501291894307,0.02773345804276689,0.21006865036398048,0.23531849273192773,0.10319251920804703
txdls,0.6420297474059018,0.6394230769230769,0.5630656108597285,0.02633216543632449,0.23232143828600535,0.16912886919684886,0.10240861766728117
on034,0.6012830051046681,0.6272023809523809,0.6324561403508772,0.022499528277328165,0.22430858802739068,0.20495950681024203,0.10128824405563831
vapor,0.627691368430792,0.632265093836155,0.5595782604863332,0.024983498010263446,0.22762810111709658,0.1673281337308369,0.10001134251437073
txaus,0.5726211095032157,0.611971916971917,0.689981741684528,0.019803591377212486,0.21432229694075208,0.23466354553128235,0.09964519846168135
mdsev,0.5734146143444757,0.5962243779090584,0.7488825782127733,0.019878228414892056,0.2039969707273396,0.26507770354744903,0.09963379862188201
isde1,0.6302829254718749,0.6166571928314797,0.6051959458878216,0.025227259775115314,0.21739433260656038,0.19088337630311042,0.09944299327734835
nhsnh,0.624348656844542,0.6322115384615384,0.5467194570135747,0.024669082675104703,0.2275929859977633,0.16068833532098298,0.0991481789364901
milac,0.5734139187279402,0.6158890529896169,0.6566626470990695,0.019878162985225,0.21689067966033856,0.21745882880044637,0.09873998456928121
on306,0.582836826541232,0.6058134920634921,0.6846491228070175,0.020764481365330826,0.21028434879618982,0.23190998339634017,0.09873499179768946
shmi,0.6196327926836571,0.5645913637867304,0.8013111290623252,0.024225508656691968,0.18325587660318707,0.2921498187173625,0.09872705004670755
gadul,0.6452179679597951,0.5860137325889839,0.6874184428012179,0.02663204935037073,0.19730206790103835,0.2333399552077006,0.098503845501304
mibkn,0.5948174231922692,0.6395922842821339,0.5322961003442515,0.02189137586826442,0.23243238395015006,0.15324066098016156,0.09818860680401983
azfg,0.581262226602748,0.6208881578947368,0.6075790229885057,0.020616374550062686,0.22016848635219022,0.1921139069335228,0.09763176132904697
ausc,0.6386157004415824,0.6121446513825096,0.5571644224675351,0.026011040297993792,0.21443555521752353,0.16608171932899812,0.09654546267695314
txpla,0.6012715759639119,0.6155165257921159,0.573900048016279,0.022498453252747453,0.21664642150532065,0.1747233616203569,0.09596533456528036
on273,0.5565096975541761,0.5873412698412699,0.724561403508772,0.018288152531493605,0.198172505823789,0.25251917137394464,0.09567656040342733
ncral,0.6249893338800557,0.5808428310546955,0.6726190476190477,0.024729344734708697,0.1939116178157365,0.2256981088410811,0.09558090306965428
mxcm,0.5888150166158872,0.5969551282051282,0.6485859728506788,0.02132678971514393,0.2044761081441354,0.21328834054739984,0.09546774032706695
waamv,0.6467662165084952,0.6007350159034037,0.5681811651098169,0.02677767755483532,0.20695450006168972,0.17177034739092936,0.09532999129050104
nysu,0.626902894145801,0.5943989770437457,0.6028538653431289,0.024909334146531008,0.20280009422940778,0.18967401473931136,0.09475303023067208
gaalb,0.6035280287778721,0.6005318812480089,0.6007135305085634,0.022710695125689625,0.2068213089914007,0.18856882700849253,0.09452969247368323
gasta,0.576514370097648,0.6276315789473684,0.5127065373563219,0.020169791332869457,0.22459000401821308,0.14312535363818807,0.0937914113690044
brbr,0.5929142976437746,0.6041288657023608,0.5815899293069631,0.02171236794558259,0.2091797751445886,0.17869412466016998,0.09365076577674314
njall,0.5804170984423938,0.5815744718940208,0.6396407685881369,0.02053688182479052,0.19439133914279172,0.20866937633629953,0.09150646847134178
txdel,0.6028624749343923,0.6140745023260846,0.47887477911212084,0.02264809315439641,0.21570091740879258,0.12565591683807656,0.09086472279908328
txvic,0.531295624406676,0.5920230263157895,0.6216325431034483,0.01591651769108491,0.2012422339037266,0.1993706117046727,0.08985964195623619
qcmo2,0.5492813775980124,0.5570436507936508,0.7350877192982457,0.017608257008649097,0.17830700182931422,0.2579545616097964,0.08985251091496337
nhsal,0.5883863049670278,0.6192434210526316,0.4250179597701149,0.021286465112412112,0.21909006740925788,0.0978462979894475,0.08828352908916938
njfla,0.5857019761591861,0.5744315709006742,0.596936463148149,0.021033977238416178,0.18970789098165264,0.18661849267865221,0.08819460290541072
mdbet,0.5760958746901367,0.5781677812641943,0.5878294363866751,0.020130427669442334,0.19215764460037932,0.18191596946664143,0.08791714692844332
va305,0.5857905043288065,0.5724603174603174,0.5956140350877193,0.02104230419496149,0.1884153820544006,0.185935640984761,0.08774356123177318
calb,0.6395050923824755,0.5715023265341062,0.5210830999066293,0.026094696472918864,0.18778724779271455,0.14745069283630255,0.08673806150519595
midet,0.5728449315037135,0.5806908010935772,0.5490503002919236,0.019824644066769048,0.19381193500583885,0.16189189438664459,0.08622755638047754
arlr,0.6299488227838277,0.5860369229013297,0.45119047619047614,0.025195834087936107,0.19731727329529108,0.11136079280834302,0.0854487617221833
txho,0.6304264957386824,0.5715763116482034,0.48483963649739054,0.025240763989401338,0.18783575825742535,0.12873594295914015,0.08436878016678243
txdri,0.5501298174137942,0.5487295727010917,0.6565061563895674,0.01768806122811522,0.1728556377700289,0.2173780229333756,0.08420733036121536
capo,0.609213126282854,0.5731913758067266,0.4686846247851032,0.023245435198626718,0.18889472145324773,0.12039410763164166,0.08265508831831452
txlu,0.6171338703804652,0.5603697443587826,0.5076061907049805,0.023990460112053635,0.18048785059172928,0.14049172807131285,0.08258980405188225
txcha,0.5729158017107885,0.5769509595422294,0.46370910936742993,0.019831310115973503,0.19135980049453505,0.11782494017928431,0.08108922023587303
ncwak,0.550339633351063,0.5775899779293786,0.4753252462477355,0.01770779650785319,0.191778791250954,0.12382307269214965,0.08054062254921308
txda,0.6174372332039795,0.5395988843871704,0.5332937486047534,0.024018994408647545,0.16686883976826442,0.1537558087034865,0.0798476294460165
tuis2,0.5571329169008605,0.5522101069370774,0.538154983452289,0.018346772521495497,0.17513774999340884,0.15626596600381182,0.07917598511130113
miesc,0.5652425073183973,0.5486005373997452,0.5389668666603448,0.019109560313184823,0.17277103206915528,0.15668519169967507,0.07896556497862499
misou,0.5917217791873964,0.5604044552244407,0.4648380388286627,0.021600199701188597,0.18051060976760044,0.11840787653548655,0.07895409040454195
dc312,0.4759327270341519,0.5345634920634921,0.6868421052631579,0.010709085496113786,0.16356724018835814,0.23304235636214263,0.07879985899038998
ncwin,0.5992928009898153,0.510992445168197,0.6336116228425545,0.022312329747733284,0.14811220639456454,0.20555615414427328,0.07837667518143665
txwac,0.5686394330171883,0.5787999442063577,0.3999105994073765,0.019429075025877374,0.19257214038742343,0.08488180935990179,0.07791726806774363
mxto,0.5843643807610184,0.5514638319442857,0.47846452445391974,0.020908163061939922,0.17464843336337998,0.12544407689255366,0.07748383553543331
scand,0.5354900123129225,0.554907850617561,0.49069855344883945,0.016311041671183274,0.17690660310944034,0.13176126545824446,0.07603473248136652
vaash,0.5256212973063815,0.5326799140708915,0.5754803675856307,0.015382790682036875,0.16233221818622987,0.17553937870825095,0.07548327773591618
micen,0.5656831738300148,0.5392805208913742,0.48416180131280045,0.019151009389890502,0.1666600955997047,0.12838593457847558,0.07432722777169327
scan,0.6051356482677677,0.5838690476190476,0.2657894736842105,0.02286190775881131,0.19589584361093165,0.01562674692807371,0.07404857243137365
tant,0.49828125844365373,0.537063492063492,0.5245614035087719,0.012811187580639448,0.16520643698161536,0.14924675689276187,0.07217331933214446
tuhc,0.5370131311206837,0.5415306467414552,0.4371648794702481,0.01645430617309206,0.16813545523085593,0.1041185066191565,0.07072507093502767
gagwi,0.5633440996067319,0.5424518658037928,0.39102473029880214,0.01893099615007052,0.1687394789640044,0.08029348357187065,0.0700097897364307
qcmo1,0.5260637898680919,0.5198015873015873,0.4692982456140351,0.015424411516950572,0.15388817340912486,0.12071095815454037,0.06749219474836184
ausy,0.5405014124422125,0.5106811999467367,0.4785714285714286,0.01678241379247147,0.14790812952699078,0.12549927812421927,0.06699181494600204
nccat,0.4745861984973606,0.48963815789473686,0.6142690373563219,0.010582431068930314,0.13411065470618455,0.19556837661691368,0.06613949271490492
tuis3,0.5136937436423007,0.4967424513665115,0.5364296757218717,0.014260885400605458,0.13876878873710113,0.1553750825285956,0.06572467611435318
gacol,0.5387254401518288,0.4966050736651593,0.5042536181334379,0.016615365900810534,0.1386787131020925,0.13876058675037992,0.06544889214615207
mibat,0.49965811532010207,0.5053168635875402,0.4838945198844813,0.012940694690392752,0.14439084834381155,0.12824792058623308,0.06390646337600242
brba,0.4456130620859332,0.4592927631578947,0.7011494252873564,0.007857218869089145,0.1142138252090817,0.24043011378041237,0.06302149026221923
miwoo,0.5098323512220281,0.5032936507936507,0.4543859649122807,0.013897682964297917,0.14306427077428327,0.11301082198708376,0.0625589732095721
onsca,0.47162554839477405,0.5006920202291443,0.5029538195344684,0.010303952423592918,0.14135843698285167,0.1380894200521057,0.062398844554221816
on263,0.5013926273488982,0.5310912698412699,0.35175438596491226,0.013103842831295516,0.16129057797550087,0.06001576718752944,0.062251055810180506
txelp,0.536921284693912,0.5104166666666666,0.3756787330316742,0.016445667101394893,0.14773468068523055,0.07236939261988098,0.061424743728394196
mdpas,0.4520782853682652,0.4819078947368421,0.5587733477011494,0.008465337545421307,0.12904208567440226,0.16691250729697338,0.0604830789592708
tuis,0.49920519510184763,0.48305444058070085,0.476844633414861,0.012898093030468393,0.12979385138263252,0.12460762659855353,0.05913777389292614
gush,0.5659296307870937,0.47305376420459405,0.4379852716786294,0.019174191122673226,0.1232366207241854,0.10454212604006191,0.05892971349486575
gagai,0.514013411393065,0.49529821443030897,0.39690783292994564,0.014290953338087541,0.13782183331529038,0.0833312946386646,0.0582542514613061
ohsp,0.6452484825700778,0.45905483405483405,0.3727124183006536,0.026634919553549113,0.11405782015997787,0.070837700197963,0.05728206779991913
mxmo,0.4856223189402646,0.47735758796075956,0.46489321417715496,0.011620488172684401,0.12605854636412575,0.11843636699277973,0.05663349351212634
midtr,0.48757001986424325,0.4943133134984181,0.3814554091218802,0.011803688853628804,0.13717605473559774,0.07535224905743744,0.055770254638600344
ncgre,0.4869067599835387,0.4525282839673559,0.4514741944161147,0.011741302652394191,0.10977850017020706,0.11150729413931308,0.05112906105642994
txbel,0.4733366874308431,0.4633132461998714,0.4231577102530606,0.010464902101615372,0.11684997037298306,0.09688573569362922,0.05102250594222706
gadal,0.4898893353829938,0.4725045609492427,0.3648222076637773,0.012021843590389956,0.12287651983817806,0.06676349468178637,0.05075241157386603
dc305,0.4450628281975941,0.43765873015873014,0.46842105263157896,0.00780546388875238,0.10002885020210085,0.1202580089682194,0.04671773429070362
txtom,0.4470662622111878,0.4396381578947368,0.43157327586206895,0.007993906822161168,0.1013267188410395,0.10123121459196471,0.04531748120480502
va306,0.4107815849588987,0.4321626984126984,0.4745614035087719,0.004580971345964794,0.09642521915660675,0.1234286532724662,0.04401901388180752
mxmc,0.44849240639612686,0.4297304495044608,0.41428571428571426,0.008128049894431232,0.09483044531229215,0.09230457346955337,0.042556420877301715
txpa2,0.45140573512105187,0.4435714285714286,0.30526315789473685,0.008402077492637062,0.1039056807131379,0.03600946031251768,0.039813896740775366
dc306,0.43647221752159304,0.3879761904761905,0.4614035087719298,0.006997431348337112,0.0674530663107028,0.11663441547765156,0.03609782024997826
tuak,0.36207891596629194,0.3840460526315789,0.522808908045977,0.0,0.06487615856992432,0.14834183470371115,0.03429703104134841
txkat,0.4166212262213515,0.4112781954887218,0.3477861319966583,0.005130247799336802,0.08273169506790509,0.05796671134464884,0.03369432833443849
on305,0.4102735972789793,0.42912698412698413,0.23552631578947367,0.004533190042517803,0.09443476590765153,0.0,0.031050343797806138
dc313,0.38080278086917385,0.38244047619047616,0.37543859649122807,0.0017611660793957437,0.06382341626849031,0.07224539521819583,0.02742826405000412
ncjoh,0.43931052255105263,0.3761730899256254,0.24012681159420288,0.007264402220365417,0.059714024481511155,0.0023755215478246865,0.022510400831455068
mxtl,0.36745673316893673,0.2851010101010101,0.2542483660130719,0.0005058372984218201,0.0,0.009667356653144773,0.0012702380443675694
