week,event_key,model,accuracy,num_matches
0,2025week0,knn,0.5806451612903226,31
0,2025week0,random_forest,0.5806451612903226,31
0,2025week0,log_reg,0.5806451612903226,31
1,2025bcvi,knn,0.7083333333333334,96
1,2025camb,knn,0.6705882352941176,85
1,2025caoc,knn,0.6808510638297872,94
1,2025caph,knn,0.6195652173913043,92
1,2025gagai,knn,0.7215189873417721,79
1,2025inmis,knn,0.7586206896551724,87
1,2025isde1,knn,0.7534246575342466,73
1,2025isde2,knn,0.6829268292682927,82
1,2025mefal,knn,0.6533333333333333,75
1,2025mibat,knn,0.7032967032967034,91
1,2025mifer,knn,0.7157894736842105,95
1,2025miket,knn,0.7578947368421053,95
1,2025milac,knn,0.5777777777777777,90
1,2025mimil,knn,0.7127659574468085,94
1,2025mndu,knn,0.65625,96
1,2025mndu2,knn,0.6666666666666666,96
1,2025mxmo,knn,0.632183908045977,87
1,2025nhsal,knn,0.5977011494252874,87
1,2025onnew,knn,0.6712328767123288,73
1,2025orsal,knn,0.5862068965517241,87
1,2025pahat,knn,0.6962025316455697,79
1,2025txtom,knn,0.7349397590361446,83
1,2025txwac,knn,0.6804123711340206,97
1,2025vagle,knn,0.6626506024096386,83
1,2025wasno,knn,0.7407407407407407,81
1,2025bcvi,random_forest,0.7916666666666666,96
1,2025camb,random_forest,0.6941176470588235,85
1,2025caoc,random_forest,0.7021276595744681,94
1,2025caph,random_forest,0.7282608695652174,92
1,2025gagai,random_forest,0.7721518987341772,79
1,2025inmis,random_forest,0.7471264367816092,87
1,2025isde1,random_forest,0.7671232876712328,73
1,2025isde2,random_forest,0.7073170731707317,82
1,2025mefal,random_forest,0.6933333333333334,75
1,2025mibat,random_forest,0.7582417582417582,91
1,2025mifer,random_forest,0.7578947368421053,95
1,2025miket,random_forest,0.8210526315789474,95
1,2025milac,random_forest,0.7111111111111111,90
1,2025mimil,random_forest,0.6382978723404256,94
1,2025mndu,random_forest,0.6979166666666666,96
1,2025mndu2,random_forest,0.7604166666666666,96
1,2025mxmo,random_forest,0.7241379310344828,87
1,2025nhsal,random_forest,0.7701149425287356,87
1,2025onnew,random_forest,0.589041095890411,73
1,2025orsal,random_forest,0.6551724137931034,87
1,2025pahat,random_forest,0.8354430379746836,79
1,2025txtom,random_forest,0.7349397590361446,83
1,2025txwac,random_forest,0.7319587628865979,97
1,2025vagle,random_forest,0.6746987951807228,83
1,2025wasno,random_forest,0.7530864197530864,81
1,2025bcvi,log_reg,0.8125,96
1,2025camb,log_reg,0.6705882352941176,85
1,2025caoc,log_reg,0.776595744680851,94
1,2025caph,log_reg,0.7065217391304348,92
1,2025gagai,log_reg,0.7848101265822784,79
1,2025inmis,log_reg,0.7586206896551724,87
1,2025isde1,log_reg,0.7534246575342466,73
1,2025isde2,log_reg,0.7317073170731707,82
1,2025mefal,log_reg,0.7066666666666667,75
1,2025mibat,log_reg,0.7692307692307693,91
1,2025mifer,log_reg,0.8,95
1,2025miket,log_reg,0.8210526315789474,95
1,2025milac,log_reg,0.7111111111111111,90
1,2025mimil,log_reg,0.6595744680851063,94
1,2025mndu,log_reg,0.7083333333333334,96
1,2025mndu2,log_reg,0.7395833333333334,96
1,2025mxmo,log_reg,0.7241379310344828,87
1,2025nhsal,log_reg,0.7586206896551724,87
1,2025onnew,log_reg,0.6164383561643836,73
1,2025orsal,log_reg,0.6551724137931034,87
1,2025pahat,log_reg,0.8481012658227848,79
1,2025txtom,log_reg,0.7710843373493976,83
1,2025txwac,log_reg,0.7422680412371134,97
1,2025vagle,log_reg,0.6867469879518072,83
1,2025wasno,log_reg,0.7530864197530864,81
2,2025arli,knn,0.8,75
2,2025ausc,knn,0.7142857142857143,91
2,2025cave,knn,0.5698924731182796,93
2,2025ctwat,knn,0.6292134831460674,89
2,2025gadal,knn,0.7402597402597403,77
2,2025isde3,knn,0.684931506849315,73
2,2025mabos,knn,0.6483516483516484,91
2,2025mdpas,knn,0.6292134831460674,89
2,2025miesc,knn,0.6813186813186813,91
2,2025mike2,knn,0.6881720430107527,93
2,2025mimtp,knn,0.7083333333333334,96
2,2025misjo,knn,0.75,96
2,2025mose,knn,0.6172839506172839,81
2,2025nccat,knn,0.76,75
2,2025njfla,knn,0.627906976744186,86
2,2025njtab,knn,0.6296296296296297,81
2,2025ntwc,knn,0.6144578313253012,83
2,2025nysu,knn,0.6629213483146067,89
2,2025onsca,knn,0.6486486486486487,74
2,2025onwel,knn,0.7681159420289855,69
2,2025orore,knn,0.6266666666666667,75
2,2025qcmo,knn,0.6741573033707865,89
2,2025schar,knn,0.6588235294117647,85
2,2025tuhc,knn,0.6111111111111112,90
2,2025tuis,knn,0.6835443037974683,79
2,2025tuis2,knn,0.7586206896551724,87
2,2025tuis3,knn,0.7590361445783133,83
2,2025txbel,knn,0.5979381443298969,97
2,2025txpla,knn,0.6410256410256411,78
2,2025vapor,knn,0.6086956521739131,69
2,2025wasam,knn,0.7402597402597403,77
2,2025arli,random_forest,0.8,75
2,2025ausc,random_forest,0.7582417582417582,91
2,2025cave,random_forest,0.6666666666666666,93
2,2025ctwat,random_forest,0.6741573033707865,89
2,2025gadal,random_forest,0.7792207792207793,77
2,2025isde3,random_forest,0.7808219178082192,73
2,2025mabos,random_forest,0.6703296703296703,91
2,2025mdpas,random_forest,0.6853932584269663,89
2,2025miesc,random_forest,0.8021978021978022,91
2,2025mike2,random_forest,0.8064516129032258,93
2,2025mimtp,random_forest,0.7291666666666666,96
2,2025misjo,random_forest,0.8020833333333334,96
2,2025mose,random_forest,0.7037037037037037,81
2,2025nccat,random_forest,0.8,75
2,2025njfla,random_forest,0.6976744186046512,86
2,2025njtab,random_forest,0.7530864197530864,81
2,2025ntwc,random_forest,0.5903614457831325,83
2,2025nysu,random_forest,0.8089887640449438,89
2,2025onsca,random_forest,0.7162162162162162,74
2,2025onwel,random_forest,0.7681159420289855,69
2,2025orore,random_forest,0.6133333333333333,75
2,2025qcmo,random_forest,0.7415730337078652,89
2,2025schar,random_forest,0.7176470588235294,85
2,2025tuhc,random_forest,0.6777777777777778,90
2,2025tuis,random_forest,0.7721518987341772,79
2,2025tuis2,random_forest,0.8390804597701149,87
2,2025tuis3,random_forest,0.7590361445783133,83
2,2025txbel,random_forest,0.7422680412371134,97
2,2025txpla,random_forest,0.7692307692307693,78
2,2025vapor,random_forest,0.6521739130434783,69
2,2025wasam,random_forest,0.7662337662337663,77
2,2025arli,log_reg,0.8133333333333334,75
2,2025ausc,log_reg,0.7582417582417582,91
2,2025cave,log_reg,0.7096774193548387,93
2,2025ctwat,log_reg,0.6629213483146067,89
2,2025gadal,log_reg,0.7662337662337663,77
2,2025isde3,log_reg,0.7808219178082192,73
2,2025mabos,log_reg,0.6813186813186813,91
2,2025mdpas,log_reg,0.6853932584269663,89
2,2025miesc,log_reg,0.7692307692307693,91
2,2025mike2,log_reg,0.7741935483870968,93
2,2025mimtp,log_reg,0.7083333333333334,96
2,2025misjo,log_reg,0.8020833333333334,96
2,2025mose,log_reg,0.7037037037037037,81
2,2025nccat,log_reg,0.7866666666666666,75
2,2025njfla,log_reg,0.686046511627907,86
2,2025njtab,log_reg,0.7777777777777778,81
2,2025ntwc,log_reg,0.5662650602409639,83
2,2025nysu,log_reg,0.797752808988764,89
2,2025onsca,log_reg,0.7432432432432432,74
2,2025onwel,log_reg,0.7391304347826086,69
2,2025orore,log_reg,0.6266666666666667,75
2,2025qcmo,log_reg,0.7191011235955056,89
2,2025schar,log_reg,0.7058823529411765,85
2,2025tuhc,log_reg,0.6333333333333333,90
2,2025tuis,log_reg,0.8481012658227848,79
2,2025tuis2,log_reg,0.8275862068965517,87
2,2025tuis3,log_reg,0.7469879518072289,83
2,2025txbel,log_reg,0.7628865979381443,97
2,2025txpla,log_reg,0.7564102564102564,78
2,2025vapor,log_reg,0.6811594202898551,69
2,2025wasam,log_reg,0.7792207792207793,77
3,2025alhu,knn,0.625,96
3,2025azfg,knn,0.7083333333333334,96
3,2025brba,knn,0.6063829787234043,94
3,2025cada,knn,0.6626506024096386,83
3,2025cala,knn,0.7126436781609196,87
3,2025casj,knn,0.8089887640449438,89
3,2025cnsh,knn,0.7397260273972602,73
3,2025flta,knn,0.6923076923076923,78
3,2025gagwi,knn,0.6265060240963856,83
3,2025inkok,knn,0.6,95
3,2025isde4,knn,0.6666666666666666,81
3,2025mawne,knn,0.6705882352941176,85
3,2025mdbet,knn,0.6301369863013698,73
3,2025mdsev,knn,0.647887323943662,71
3,2025melew,knn,0.7368421052631579,76
3,2025mibel,knn,0.7157894736842105,95
3,2025miber,knn,0.6470588235294118,85
3,2025mibkn,knn,0.6041666666666666,96
3,2025midtr,knn,0.6842105263157895,95
3,2025mimus,knn,0.7526881720430108,93
3,2025mitvc,knn,0.6701030927835051,97
3,2025mosl,knn,0.6666666666666666,90
3,2025mslr,knn,0.7662337662337663,77
3,2025mxle,knn,0.7142857142857143,77
3,2025ncash,knn,0.6779661016949152,59
3,2025ncwak,knn,0.7215189873417721,79
3,2025ndgf,knn,0.6881720430107527,93
3,2025njrob,knn,0.6527777777777778,72
3,2025nyro,knn,0.6666666666666666,96
3,2025onosh,knn,0.7272727272727273,77
3,2025paphi,knn,0.746268656716418,67
3,2025rikin,knn,0.5888888888888889,90
3,2025tuak,knn,0.7176470588235294,85
3,2025txman,knn,0.676923076923077,65
3,2025txsan,knn,0.6363636363636364,99
3,2025txvic,knn,0.8153846153846154,65
3,2025utwv,knn,0.6704545454545454,88
3,2025wabon,knn,0.6867469879518072,83
3,2025wayak,knn,0.6746987951807228,83
3,2025alhu,random_forest,0.7083333333333334,96
3,2025azfg,random_forest,0.7916666666666666,96
3,2025brba,random_forest,0.6595744680851063,94
3,2025cada,random_forest,0.6867469879518072,83
3,2025cala,random_forest,0.7816091954022989,87
3,2025casj,random_forest,0.7865168539325843,89
3,2025cnsh,random_forest,0.7671232876712328,73
3,2025flta,random_forest,0.7948717948717948,78
3,2025gagwi,random_forest,0.7349397590361446,83
3,2025inkok,random_forest,0.6631578947368421,95
3,2025isde4,random_forest,0.7037037037037037,81
3,2025mawne,random_forest,0.7411764705882353,85
3,2025mdbet,random_forest,0.6438356164383562,73
3,2025mdsev,random_forest,0.6901408450704225,71
3,2025melew,random_forest,0.8289473684210527,76
3,2025mibel,random_forest,0.6842105263157895,95
3,2025miber,random_forest,0.6705882352941176,85
3,2025mibkn,random_forest,0.7291666666666666,96
3,2025midtr,random_forest,0.7473684210526316,95
3,2025mimus,random_forest,0.7849462365591398,93
3,2025mitvc,random_forest,0.6804123711340206,97
3,2025mosl,random_forest,0.7333333333333333,90
3,2025mslr,random_forest,0.8311688311688312,77
3,2025mxle,random_forest,0.7662337662337663,77
3,2025ncash,random_forest,0.7627118644067796,59
3,2025ncwak,random_forest,0.7215189873417721,79
3,2025ndgf,random_forest,0.7096774193548387,93
3,2025njrob,random_forest,0.7777777777777778,72
3,2025nyro,random_forest,0.6875,96
3,2025onosh,random_forest,0.6883116883116883,77
3,2025paphi,random_forest,0.8208955223880597,67
3,2025rikin,random_forest,0.6444444444444445,90
3,2025tuak,random_forest,0.7411764705882353,85
3,2025txman,random_forest,0.7538461538461538,65
3,2025txsan,random_forest,0.6464646464646465,99
3,2025txvic,random_forest,0.8153846153846154,65
3,2025utwv,random_forest,0.7613636363636364,88
3,2025wabon,random_forest,0.7469879518072289,83
3,2025wayak,random_forest,0.7228915662650602,83
3,2025alhu,log_reg,0.6875,96
3,2025azfg,log_reg,0.7708333333333334,96
3,2025brba,log_reg,0.7446808510638298,94
3,2025cada,log_reg,0.6867469879518072,83
3,2025cala,log_reg,0.7931034482758621,87
3,2025casj,log_reg,0.7752808988764045,89
3,2025cnsh,log_reg,0.7534246575342466,73
3,2025flta,log_reg,0.8076923076923077,78
3,2025gagwi,log_reg,0.6987951807228916,83
3,2025inkok,log_reg,0.7052631578947368,95
3,2025isde4,log_reg,0.7160493827160493,81
3,2025mawne,log_reg,0.6823529411764706,85
3,2025mdbet,log_reg,0.684931506849315,73
3,2025mdsev,log_reg,0.704225352112676,71
3,2025melew,log_reg,0.8421052631578947,76
3,2025mibel,log_reg,0.7052631578947368,95
3,2025miber,log_reg,0.6705882352941176,85
3,2025mibkn,log_reg,0.7083333333333334,96
3,2025midtr,log_reg,0.7473684210526316,95
3,2025mimus,log_reg,0.7956989247311828,93
3,2025mitvc,log_reg,0.7010309278350515,97
3,2025mosl,log_reg,0.7444444444444445,90
3,2025mslr,log_reg,0.8181818181818182,77
3,2025mxle,log_reg,0.7922077922077922,77
3,2025ncash,log_reg,0.7457627118644068,59
3,2025ncwak,log_reg,0.6835443037974683,79
3,2025ndgf,log_reg,0.7311827956989247,93
3,2025njrob,log_reg,0.7777777777777778,72
3,2025nyro,log_reg,0.6875,96
3,2025onosh,log_reg,0.7142857142857143,77
3,2025paphi,log_reg,0.8059701492537313,67
3,2025rikin,log_reg,0.6444444444444445,90
3,2025tuak,log_reg,0.7764705882352941,85
3,2025txman,log_reg,0.7076923076923077,65
3,2025txsan,log_reg,0.7070707070707071,99
3,2025txvic,log_reg,0.8307692307692308,65
3,2025utwv,log_reg,0.8068181818181818,88
3,2025wabon,log_reg,0.7469879518072289,83
3,2025wayak,log_reg,0.7228915662650602,83
4,2025azgl,knn,0.6559139784946236,93
4,2025brsp,knn,0.6172839506172839,81
4,2025casd,knn,0.7282608695652174,92
4,2025casf,knn,0.7692307692307693,91
4,2025code,knn,0.7,90
4,2025flor,knn,0.6767676767676768,99
4,2025gasta,knn,0.6617647058823529,68
4,2025hiho,knn,0.654320987654321,81
4,2025ilpe,knn,0.7529411764705882,85
4,2025inlaf,knn,0.6868686868686869,99
4,2025ksla,knn,0.6896551724137931,87
4,2025mawor,knn,0.6813186813186813,91
4,2025mibro,knn,0.7021276595744681,94
4,2025milsu,knn,0.6236559139784946,93
4,2025mimas,knn,0.5729166666666666,96
4,2025misal,knn,0.7692307692307693,91
4,2025mitry,knn,0.6804123711340206,97
4,2025miwmi,knn,0.7684210526315789,95
4,2025mxto,knn,0.5882352941176471,85
4,2025ncgre,knn,0.6986301369863014,73
4,2025ncmec,knn,0.7605633802816901,71
4,2025nhdur,knn,0.6631578947368421,95
4,2025njwas,knn,0.7375,80
4,2025nyli2,knn,0.6145833333333334,96
4,2025oktu,knn,0.7380952380952381,84
4,2025onnob,knn,0.6962025316455697,79
4,2025ontor,knn,0.647887323943662,71
4,2025onwat,knn,0.7066666666666667,75
4,2025orwil,knn,0.6987951807228916,83
4,2025paben,knn,0.7037037037037037,81
4,2025paca,knn,0.6631578947368421,95
4,2025sccha,knn,0.5833333333333334,84
4,2025txfor,knn,0.6705882352941176,85
4,2025txhou,knn,0.6493506493506493,77
4,2025vaale,knn,0.5384615384615384,91
4,2025vabla,knn,0.7012987012987013,77
4,2025waahs,knn,0.8045977011494253,87
4,2025wila,knn,0.6086956521739131,92
4,2025azgl,random_forest,0.7204301075268817,93
4,2025brsp,random_forest,0.7654320987654321,81
4,2025casd,random_forest,0.8369565217391305,92
4,2025casf,random_forest,0.8461538461538461,91
4,2025code,random_forest,0.7888888888888889,90
4,2025flor,random_forest,0.7676767676767676,99
4,2025gasta,random_forest,0.7058823529411765,68
4,2025hiho,random_forest,0.7654320987654321,81
4,2025ilpe,random_forest,0.7764705882352941,85
4,2025inlaf,random_forest,0.7373737373737373,99
4,2025ksla,random_forest,0.735632183908046,87
4,2025mawor,random_forest,0.7692307692307693,91
4,2025mibro,random_forest,0.723404255319149,94
4,2025milsu,random_forest,0.7634408602150538,93
4,2025mimas,random_forest,0.7291666666666666,96
4,2025misal,random_forest,0.8021978021978022,91
4,2025mitry,random_forest,0.7835051546391752,97
4,2025miwmi,random_forest,0.8,95
4,2025mxto,random_forest,0.7411764705882353,85
4,2025ncgre,random_forest,0.7534246575342466,73
4,2025ncmec,random_forest,0.8169014084507042,71
4,2025nhdur,random_forest,0.7473684210526316,95
4,2025njwas,random_forest,0.7875,80
4,2025nyli2,random_forest,0.7604166666666666,96
4,2025oktu,random_forest,0.7619047619047619,84
4,2025onnob,random_forest,0.6962025316455697,79
4,2025ontor,random_forest,0.7323943661971831,71
4,2025onwat,random_forest,0.7466666666666667,75
4,2025orwil,random_forest,0.7469879518072289,83
4,2025paben,random_forest,0.7654320987654321,81
4,2025paca,random_forest,0.7684210526315789,95
4,2025sccha,random_forest,0.7142857142857143,84
4,2025txfor,random_forest,0.7058823529411765,85
4,2025txhou,random_forest,0.7142857142857143,77
4,2025vaale,random_forest,0.6593406593406593,91
4,2025vabla,random_forest,0.7142857142857143,77
4,2025waahs,random_forest,0.7816091954022989,87
4,2025wila,random_forest,0.7391304347826086,92
4,2025azgl,log_reg,0.7096774193548387,93
4,2025brsp,log_reg,0.8271604938271605,81
4,2025casd,log_reg,0.8804347826086957,92
4,2025casf,log_reg,0.8571428571428571,91
4,2025code,log_reg,0.8333333333333334,90
4,2025flor,log_reg,0.8080808080808081,99
4,2025gasta,log_reg,0.7352941176470589,68
4,2025hiho,log_reg,0.7654320987654321,81
4,2025ilpe,log_reg,0.788235294117647,85
4,2025inlaf,log_reg,0.7272727272727273,99
4,2025ksla,log_reg,0.735632183908046,87
4,2025mawor,log_reg,0.7802197802197802,91
4,2025mibro,log_reg,0.7021276595744681,94
4,2025milsu,log_reg,0.7956989247311828,93
4,2025mimas,log_reg,0.7395833333333334,96
4,2025misal,log_reg,0.8131868131868132,91
4,2025mitry,log_reg,0.8041237113402062,97
4,2025miwmi,log_reg,0.8105263157894737,95
4,2025mxto,log_reg,0.7764705882352941,85
4,2025ncgre,log_reg,0.726027397260274,73
4,2025ncmec,log_reg,0.8309859154929577,71
4,2025nhdur,log_reg,0.7684210526315789,95
4,2025njwas,log_reg,0.775,80
4,2025nyli2,log_reg,0.78125,96
4,2025oktu,log_reg,0.8095238095238095,84
4,2025onnob,log_reg,0.7088607594936709,79
4,2025ontor,log_reg,0.8309859154929577,71
4,2025onwat,log_reg,0.8266666666666667,75
4,2025orwil,log_reg,0.6867469879518072,83
4,2025paben,log_reg,0.7777777777777778,81
4,2025paca,log_reg,0.7684210526315789,95
4,2025sccha,log_reg,0.7261904761904762,84
4,2025txfor,log_reg,0.7411764705882353,85
4,2025txhou,log_reg,0.7142857142857143,77
4,2025vaale,log_reg,0.6483516483516484,91
4,2025vabla,log_reg,0.7272727272727273,77
4,2025waahs,log_reg,0.7931034482758621,87
4,2025wila,log_reg,0.7717391304347826,92
5,2025capt,knn,0.7894736842105263,95
5,2025cthar,knn,0.6559139784946236,93
5,2025gaalb,knn,0.7014925373134329,67
5,2025iacf,knn,0.7065217391304348,92
5,2025idbo,knn,0.6956521739130435,92
5,2025ilch,knn,0.6162790697674418,86
5,2025inwas,knn,0.7058823529411765,68
5,2025iscmp,knn,0.6263736263736264,91
5,2025mibig,knn,0.6464646464646465,99
5,2025midet,knn,0.7096774193548387,93
5,2025miken,knn,0.7684210526315789,95
5,2025miliv,knn,0.7526881720430108,93
5,2025mimcc,knn,0.6129032258064516,93
5,2025mimid,knn,0.7157894736842105,95
5,2025mnmi,knn,0.5978260869565217,92
5,2025mokc,knn,0.5925925925925926,81
5,2025ncpem,knn,0.6753246753246753,77
5,2025njski,knn,0.6962025316455697,79
5,2025nvlv,knn,0.8222222222222222,90
5,2025nytr,knn,0.6262626262626263,99
5,2025ohmv,knn,0.7127659574468085,94
5,2025onham,knn,0.8051948051948052,77
5,2025onwin,knn,0.6301369863013698,73
5,2025pawar,knn,0.7333333333333333,75
5,2025txama,knn,0.6206896551724138,87
5,2025txcle,knn,0.7349397590361446,83
5,2025vtbur,knn,0.6962025316455697,79
5,2025wimu,knn,0.6236559139784946,93
5,2025capt,random_forest,0.8210526315789474,95
5,2025cthar,random_forest,0.8064516129032258,93
5,2025gaalb,random_forest,0.8059701492537313,67
5,2025iacf,random_forest,0.782608695652174,92
5,2025idbo,random_forest,0.717391304347826,92
5,2025ilch,random_forest,0.8372093023255814,86
5,2025inwas,random_forest,0.7647058823529411,68
5,2025iscmp,random_forest,0.7252747252747253,91
5,2025mibig,random_forest,0.7676767676767676,99
5,2025midet,random_forest,0.7956989247311828,93
5,2025miken,random_forest,0.7473684210526316,95
5,2025miliv,random_forest,0.7956989247311828,93
5,2025mimcc,random_forest,0.7204301075268817,93
5,2025mimid,random_forest,0.8315789473684211,95
5,2025mnmi,random_forest,0.7065217391304348,92
5,2025mokc,random_forest,0.6790123456790124,81
5,2025ncpem,random_forest,0.7792207792207793,77
5,2025njski,random_forest,0.7974683544303798,79
5,2025nvlv,random_forest,0.8666666666666667,90
5,2025nytr,random_forest,0.6666666666666666,99
5,2025ohmv,random_forest,0.7659574468085106,94
5,2025onham,random_forest,0.8571428571428571,77
5,2025onwin,random_forest,0.684931506849315,73
5,2025pawar,random_forest,0.7733333333333333,75
5,2025txama,random_forest,0.735632183908046,87
5,2025txcle,random_forest,0.8192771084337349,83
5,2025vtbur,random_forest,0.7974683544303798,79
5,2025wimu,random_forest,0.6881720430107527,93
5,2025capt,log_reg,0.8,95
5,2025cthar,log_reg,0.7634408602150538,93
5,2025gaalb,log_reg,0.7761194029850746,67
5,2025iacf,log_reg,0.7608695652173914,92
5,2025idbo,log_reg,0.6956521739130435,92
5,2025ilch,log_reg,0.7906976744186046,86
5,2025inwas,log_reg,0.6911764705882353,68
5,2025iscmp,log_reg,0.7032967032967034,91
5,2025mibig,log_reg,0.7474747474747475,99
5,2025midet,log_reg,0.7849462365591398,93
5,2025miken,log_reg,0.7894736842105263,95
5,2025miliv,log_reg,0.7956989247311828,93
5,2025mimcc,log_reg,0.7311827956989247,93
5,2025mimid,log_reg,0.7789473684210526,95
5,2025mnmi,log_reg,0.7608695652173914,92
5,2025mokc,log_reg,0.691358024691358,81
5,2025ncpem,log_reg,0.7792207792207793,77
5,2025njski,log_reg,0.7341772151898734,79
5,2025nvlv,log_reg,0.8888888888888888,90
5,2025nytr,log_reg,0.6868686868686869,99
5,2025ohmv,log_reg,0.7553191489361702,94
5,2025onham,log_reg,0.8441558441558441,77
5,2025onwin,log_reg,0.6575342465753424,73
5,2025pawar,log_reg,0.8,75
5,2025txama,log_reg,0.6896551724137931,87
5,2025txcle,log_reg,0.8192771084337349,83
5,2025vtbur,log_reg,0.759493670886076,79
5,2025wimu,log_reg,0.6989247311827957,93
6,2025caav,knn,0.7333333333333333,90
6,2025cabe,knn,0.7551020408163265,98
6,2025cafr,knn,0.6521739130434783,92
6,2025chcmp,knn,0.5934959349593496,123
6,2025flwp,knn,0.7415730337078652,89
6,2025gacmp,knn,0.6095238095238096,105
6,2025incmp,knn,0.7391304347826086,92
6,2025lake,knn,0.6530612244897959,98
6,2025micmp,knn,0.5,8
6,2025micmp1,knn,0.6421052631578947,95
6,2025micmp2,knn,0.6041666666666666,96
6,2025micmp3,knn,0.6526315789473685,95
6,2025micmp4,knn,0.6526315789473685,95
6,2025mnmi2,knn,0.7684210526315789,95
6,2025mnum,knn,0.7127659574468085,94
6,2025mrcmp,knn,0.6323529411764706,136
6,2025nccmp,knn,0.5578947368421052,95
6,2025necmp,knn,0.0,2
6,2025necmp1,knn,0.625,112
6,2025necmp2,knn,0.6071428571428571,112
6,2025nyny,knn,0.6947368421052632,95
6,2025ohcl,knn,0.6055045871559633,109
6,2025okok,knn,0.5473684210526316,95
6,2025oncmp,knn,0.0,2
6,2025oncmp1,knn,0.6551724137931034,116
6,2025oncmp2,knn,0.7217391304347827,115
6,2025pncmp,knn,0.6521739130434783,115
6,2025sccmp,knn,0.6973684210526315,76
6,2025tnkn,knn,0.5894736842105263,95
6,2025txcmp,knn,1.0,2
6,2025txcmp1,knn,0.7047619047619048,105
6,2025txcmp2,knn,0.7619047619047619,105
6,2025wimi,knn,0.6595744680851063,94
6,2025caav,random_forest,0.7111111111111111,90
6,2025cabe,random_forest,0.8367346938775511,98
6,2025cafr,random_forest,0.7282608695652174,92
6,2025chcmp,random_forest,0.7073170731707317,123
6,2025flwp,random_forest,0.7528089887640449,89
6,2025gacmp,random_forest,0.638095238095238,105
6,2025incmp,random_forest,0.7717391304347826,92
6,2025lake,random_forest,0.7448979591836735,98
6,2025micmp,random_forest,0.625,8
6,2025micmp1,random_forest,0.7052631578947368,95
6,2025micmp2,random_forest,0.625,96
6,2025micmp3,random_forest,0.7052631578947368,95
6,2025micmp4,random_forest,0.6421052631578947,95
6,2025mnmi2,random_forest,0.6947368421052632,95
6,2025mnum,random_forest,0.7659574468085106,94
6,2025mrcmp,random_forest,0.6764705882352942,136
6,2025nccmp,random_forest,0.5789473684210527,95
6,2025necmp,random_forest,0.0,2
6,2025necmp1,random_forest,0.6339285714285714,112
6,2025necmp2,random_forest,0.7321428571428571,112
6,2025nyny,random_forest,0.7473684210526316,95
6,2025ohcl,random_forest,0.6513761467889908,109
6,2025okok,random_forest,0.6842105263157895,95
6,2025oncmp,random_forest,1.0,2
6,2025oncmp1,random_forest,0.75,116
6,2025oncmp2,random_forest,0.782608695652174,115
6,2025pncmp,random_forest,0.7130434782608696,115
6,2025sccmp,random_forest,0.7631578947368421,76
6,2025tnkn,random_forest,0.7052631578947368,95
6,2025txcmp,random_forest,1.0,2
6,2025txcmp1,random_forest,0.780952380952381,105
6,2025txcmp2,random_forest,0.780952380952381,105
6,2025wimi,random_forest,0.7340425531914894,94
6,2025caav,log_reg,0.7111111111111111,90
6,2025cabe,log_reg,0.8367346938775511,98
6,2025cafr,log_reg,0.7934782608695652,92
6,2025chcmp,log_reg,0.6910569105691057,123
6,2025flwp,log_reg,0.8089887640449438,89
6,2025gacmp,log_reg,0.7047619047619048,105
6,2025incmp,log_reg,0.7717391304347826,92
6,2025lake,log_reg,0.7653061224489796,98
6,2025micmp,log_reg,0.75,8
6,2025micmp1,log_reg,0.7684210526315789,95
6,2025micmp2,log_reg,0.625,96
6,2025micmp3,log_reg,0.7473684210526316,95
6,2025micmp4,log_reg,0.7368421052631579,95
6,2025mnmi2,log_reg,0.7578947368421053,95
6,2025mnum,log_reg,0.7978723404255319,94
6,2025mrcmp,log_reg,0.7058823529411765,136
6,2025nccmp,log_reg,0.6736842105263158,95
6,2025necmp,log_reg,0.0,2
6,2025necmp1,log_reg,0.6964285714285714,112
6,2025necmp2,log_reg,0.7410714285714286,112
6,2025nyny,log_reg,0.7894736842105263,95
6,2025ohcl,log_reg,0.6972477064220184,109
6,2025okok,log_reg,0.6947368421052632,95
6,2025oncmp,log_reg,0.0,2
6,2025oncmp1,log_reg,0.75,116
6,2025oncmp2,log_reg,0.8173913043478261,115
6,2025pncmp,log_reg,0.7043478260869566,115
6,2025sccmp,log_reg,0.8026315789473685,76
6,2025tnkn,log_reg,0.7368421052631579,95
6,2025txcmp,log_reg,0.0,2
6,2025txcmp1,log_reg,0.7619047619047619,105
6,2025txcmp2,log_reg,0.7904761904761904,105
6,2025wimi,log_reg,0.7446808510638298,94
7,2025arc,knn,0.6,140
7,2025cmptx,knn,0.5,16
7,2025cur,knn,0.6783216783216783,143
7,2025dal,knn,0.6142857142857143,140
7,2025gal,knn,0.6214285714285714,140
7,2025hop,knn,0.6170212765957447,141
7,2025joh,knn,0.7,140
7,2025mil,knn,0.6453900709219859,141
7,2025new,knn,0.6642857142857143,140
7,2025arc,random_forest,0.7071428571428572,140
7,2025cmptx,random_forest,0.4375,16
7,2025cur,random_forest,0.7272727272727273,143
7,2025dal,random_forest,0.6571428571428571,140
7,2025gal,random_forest,0.7071428571428572,140
7,2025hop,random_forest,0.6524822695035462,141
7,2025joh,random_forest,0.7285714285714285,140
7,2025mil,random_forest,0.6808510638297872,141
7,2025new,random_forest,0.7285714285714285,140
7,2025arc,log_reg,0.7,140
7,2025cmptx,log_reg,0.6875,16
7,2025cur,log_reg,0.7902097902097902,143
7,2025dal,log_reg,0.7,140
7,2025gal,log_reg,0.7,140
7,2025hop,log_reg,0.6524822695035462,141
7,2025joh,log_reg,0.7571428571428571,140
7,2025mil,log_reg,0.6879432624113475,141
7,2025new,log_reg,0.7357142857142858,140
